iv,B_D,W_D,theta_D,T_D,gamma_D,nu,nu2,L,U,sqrt_T_D,estimate,mean,lci,uci,model
(Intercept),0.020276166975374894,0.43514365701105356,94.47223348614057,0.4574474406839659,0.048757041113978536,78.37485584312108,3785.8885542483827,93.14619063257709,95.79827633970405,0.6763486088430772,"94.47 	 (93.15, 95.8)",94.47223348614057,93.14619063257709,95.79827633970405,SBP_BMI
age,7.196139701074766e-6,8.898352323537924e-5,0.4158226935104806,9.689927690656149e-5,0.08169053396358453,40.607432315090485,1348.6493265014583,0.39651198128370246,0.4351334057372588,0.00984374303334669,"0.42 	 (0.4, 0.44)",0.4158226935104806,0.39651198128370246,0.4351334057372588,SBP_BMI
bmi,5.226217503851526e-5,4.369341358654388e-4,0.3756355506371495,4.944225284078056e-4,0.11627381286103064,27.879631790222668,665.7001904452869,0.33197516804442434,0.41929593322987463,0.02223561396516421,"0.38 	 (0.33, 0.42)",0.3756355506371495,0.33197516804442434,0.41929593322987463,SBP_BMI
female,0.009664093054528866,0.07638512981837992,-3.5739318492401946,0.08701563217836167,0.1221677311749194,26.580626562613652,603.0169120865065,-4.153252866162765,-2.994610832317625,0.2949841219088947,"-3.57 	 (-4.15, -2.99)",-3.5739318492401946,-4.153252866162765,-2.994610832317625,SBP_BMI
race_ethHispanic,0.012540024842552561,0.13674618569636682,-0.4556276195955285,0.15054021302317463,0.09163018338949953,35.68903844104429,1071.9274633154257,-1.216943702412732,0.30568846322167503,0.38799511984453444,"-0.46 	 (-1.22, 0.31)",-0.4556276195955285,-1.216943702412732,0.30568846322167503,SBP_BMI
race_ethNH Black,0.024539116562068752,0.1536401379183134,3.8659712767242582,0.18063316613658903,0.14943561470801195,22.161060501502313,403.02712882656897,3.0304586888378853,4.701483864610632,0.4250096071109323,"3.87 	 (3.03, 4.7)",3.8659712767242582,3.0304586888378853,4.701483864610632,SBP_BMI
race_ethNH White,0.019075594135767107,0.1687212552700842,-1.492570754686743,0.18970440881942802,0.11060973057994049,29.2923285408578,735.6239164216705,-2.3476412892853094,-0.637500220088177,0.4355506960382775,"-1.49 	 (-2.35, -0.64)",-1.492570754686743,-2.3476412892853094,-0.637500220088177,SBP_BMI
race_ethOther Race,0.028666288585156904,0.7928672124253199,-0.4509206469629768,0.8244001298689925,0.03824952993236861,111.1597756539252,6151.631398094716,-2.2308492189414757,1.329007925015522,0.9079648285418287,"-0.45 	 (-2.23, 1.33)",-0.4509206469629768,-2.2308492189414757,1.329007925015522,SBP_BMI
(Intercept),0.15316527987293072,0.47471482224144,100.73875561963447,0.6431966301016638,0.2619444816332348,14.786184857134154,131.1668237813781,99.1522362107802,102.32527502848875,0.8019954052871274,"100.74 	 (99.15, 102.33)",100.73875561963447,99.1522362107802,102.32527502848875,SBP_BF
age,8.183119667776649e-6,9.678716169846154e-5,0.4211918618234968,1.0578859333301585e-4,0.08508886781600708,38.75965931470015,1243.07410451208,0.40101328289636873,0.4413704407506249,0.01028535820149283,"0.42 	 (0.4, 0.44)",0.4211918618234968,0.40101328289636873,0.4413704407506249,SBP_BF
fat_percentage,1.8002513887593966e-4,4.193309668389741e-4,0.10222696977049116,6.173586196025077e-4,0.3207659964171808,13.215124202378323,87.47135662924865,0.052845210365770334,0.15160872917521195,0.024846702388898766,"0.1 	 (0.05, 0.15)",0.10222696977049116,0.052845210365770334,0.15160872917521195,SBP_BF
female,0.024329765100333745,0.11139425970306015,-4.2384079353204704,0.13815700131342726,0.1937125252860138,18.051338168813654,239.84303103357718,-4.970611010266154,-3.506204860374787,0.3716947690154211,"-4.24 	 (-4.97, -3.51)",-4.2384079353204704,-4.970611010266154,-3.506204860374787,SBP_BF
race_ethHispanic,0.009954682094146685,0.1379688337207249,1.139195972029904,0.14891898402428627,0.07353092270476115,45.967263172982626,1664.5715894505397,0.3822950678156918,1.8960968762441162,0.3859002254784082,"1.14 	 (0.38, 1.9)",1.139195972029904,0.3822950678156918,1.8960968762441162,SBP_BF
race_ethNH Black,0.019202003379064365,0.1512495970940712,5.880554866949482,0.172371800811042,0.12253862648987149,26.50404177283459,599.3720585915604,5.0651767247116375,6.695933009187327,0.41517683077339707,"5.88 	 (5.07, 6.7)",5.880554866949482,5.0651767247116375,6.695933009187327,SBP_BF
race_ethNH White,0.013748774234633132,0.17555491720171873,-0.22751555754949854,0.19067856885981518,0.07931490019318947,42.02139885409634,1430.648504781123,-1.0840929483624628,0.6290618332634657,0.43666757248485394,"-0.23 	 (-1.08, 0.63)",-0.22751555754949854,-1.0840929483624628,0.6290618332634657,SBP_BF
race_ethOther Race,0.021436701129083902,0.8508400307665903,1.217605795629202,0.8744204020085826,0.026966858490294978,191.12416473662796,12376.042642621196,-0.6153445815247922,3.050556172783196,0.935104487214441,"1.22 	 (-0.62, 3.05)",1.217605795629202,-0.6153445815247922,3.050556172783196,SBP_BF
(Intercept),0.10636521696143787,0.43569978587103925,95.363074702603285,0.5527015245286209,0.21169063855463077,16.951025707067913,200.83490886735296,93.89712727256126,96.8290221326453,0.7434389850745122,"95.36 	 (93.9, 96.83)",95.363074702603285,93.89712727256126,96.8290221326453,SBP_BMI_trt
age,2.5256100918568485e-5,9.68836411829658e-5,0.41917982226353556,1.2466535219339114e-4,0.22285029899348507,16.371695493969508,181.22414823894732,0.39714898914799024,0.4412106553790809,0.011165363952571861,"0.42 	 (0.4, 0.44)",0.41917982226353556,0.39714898914799024,0.4412106553790809,SBP_BMI_trt
bmi,9.406173500242864e-5,4.400856030917369e-4,0.3737448457144721,5.435535115944084e-4,0.19035459489382844,18.28422804522954,248.3795182268885,0.3278260418980378,0.41966364953090635,0.02331423409838737,"0.37 	 (0.33, 0.42)",0.3737448457144721,0.3278260418980378,0.41966364953090635,SBP_BMI_trt
female,0.014347568354088323,0.07559291805326633,-3.539839755948302,0.09137524324276348,0.17271992532558372,19.68622349771367,301.6877154515351,-4.1346906559936825,-2.944988855902922,0.3022833823463729,"-3.54 	 (-4.13, -2.94)",-3.539839755948302,-4.1346906559936825,-2.944988855902922,SBP_BMI_trt
htn_med_taking1,0.09091577991487787,0.11062965146354341,-3.035572035615855,0.2106370093699091,0.4747853105469147,11.101321286979523,39.92527919919922,-3.963202863900267,-2.1079412073314425,0.4589520774219342,"-3.04 	 (-3.96, -2.11)",-3.035572035615855,-3.963202863900267,-2.1079412073314425,SBP_BMI_trt
htn_med_told1,0.19226633219315306,0.08802885120636245,1.7540768902641213,0.2995218166188308,0.7061020389096155,9.764798591809921,18.051262359256082,0.6045059630098473,2.903647817518395,0.5472858637118547,"1.75 	 (0.6, 2.9)",1.7540768902641213,0.6045059630098473,2.903647817518395,SBP_BMI_trt
race_ethHispanic,0.014606125683174449,0.13606218431225509,-0.5076113674271727,0.152128922563747,0.10561264735677994,30.697903575290418,806.8831593434621,-1.2732184124242663,0.2579956775699206,0.3900370784473535,"-0.51 	 (-1.27, 0.26)",-0.5076113674271727,-1.2732184124242663,0.2579956775699206,SBP_BMI_trt
race_ethNH Black,0.026799860580618166,0.15261613818550288,3.7419914314785867,0.18209598482418285,0.16189179935594594,20.730624359354042,343.3940843296738,2.9026635582200453,4.581319304737128,0.42672706127474835,"3.74 	 (2.9, 4.58)",3.7419914314785867,2.9026635582200453,4.581319304737128,SBP_BMI_trt
race_ethNH White,0.0188966564592587,0.1657647148852119,-1.4924741701058608,0.1865510369903965,0.11142431819478245,29.078090587894724,724.9074094492853,-2.340428853748234,-0.6445194864634878,0.4319155438166083,"-1.49 	 (-2.34, -0.64)",-1.4924741701058608,-2.340428853748234,-0.6445194864634878,SBP_BMI_trt
race_ethOther Race,0.02742635810412841,0.7922907058895623,-0.4818429922209065,0.8224596998041036,0.0366814251466996,118.34233429148118,6688.829231325508,-2.2596474804718523,1.295961496030039,0.9068956388714765,"-0.48 	 (-2.26, 1.3)",-0.4818429922209065,-2.2596474804718523,1.295961496030039,SBP_BMI_trt
(Intercept),0.19560106626397525,0.48104644763310406,101.43857182718402,0.6962076205234768,0.30904742572135824,13.474220544890214,94.23066340440006,99.78192266201044,103.0952209923576,0.8343905683332458,"101.44 	 (99.78, 103.1)",101.43857182718402,99.78192266201044,103.0952209923576,SBP_BF_trt
age,2.9465117247662947e-5,1.0578621798581396e-4,0.41825610419213305,1.381978469582432e-4,0.23453063622780237,15.833639360080163,163.62262133112495,0.3950435555457538,0.4414686528385123,0.011755758034182365,"0.42 	 (0.4, 0.44)",0.41825610419213305,0.3950435555457538,0.4414686528385123,SBP_BF_trt
fat_percentage,1.4782493605372985e-4,4.130871365759024e-4,0.09977558281653581,5.756945662350052e-4,0.28245434158349275,14.153536098165123,112.80958464133771,0.05223899414631515,0.14731217148675646,0.023993635952789756,"0.1 	 (0.05, 0.15)",0.09977558281653581,0.05223899414631515,0.14731217148675646,SBP_BF_trt
female,0.027048288618912612,0.1099179373784136,-4.214369885730331,0.13967105485921746,0.21302278779804282,16.87812919641231,198.33089950362586,-4.951356348704398,-3.4773834227562648,0.37372590873421857,"-4.21 	 (-4.95, -3.48)",-4.214369885730331,-4.951356348704398,-3.4773834227562648,SBP_BF_trt
htn_med_taking1,0.10465607924353973,0.11262021464862712,-2.8448964371173844,0.22774190181652082,0.5054919022351932,10.847019187104106,35.22200739300768,-3.8134926238170133,-1.8763002504177555,0.4772231153417873,"-2.84 	 (-3.81, -1.88)",-2.8448964371173844,-3.8134926238170133,-1.8763002504177555,SBP_BF_trt
htn_med_told1,0.1893021571812836,0.0917721826881667,2.3173613935419253,0.30000455558757866,0.6940973695935222,9.810777172675799,18.68106847337618,1.1696300777239368,3.4650927093599133,0.5477267161528445,"2.32 	 (1.17, 3.47)",2.3173613935419253,1.1696300777239368,3.4650927093599133,SBP_BF_trt
race_ethHispanic,0.015645992444736263,0.13768439247022773,1.0577477713315722,0.15489498415943762,0.1111113557524533,29.159935796502864,728.9967898269099,0.2850878018244154,1.830407740838729,0.39356700085174523,"1.06 	 (0.29, 1.83)",1.0577477713315722,0.2850878018244154,1.830407740838729,SBP_BF_trt
race_ethNH Black,0.02517841232448822,0.14945594676739152,5.724124437280981,0.17715220032432857,0.15634157242321012,21.334010119065475,368.20828665063976,4.896465829951759,6.551783044610203,0.4208945239894772,"5.72 	 (4.9, 6.55)",5.724124437280981,4.896465829951759,6.551783044610203,SBP_BF_trt
race_ethNH White,0.015474014955741506,0.17325876279246785,-0.2710160823937981,0.19028017924378351,0.08945449031508493,36.64680670563353,1124.7039445277062,-1.126895301091688,0.5848631363040917,0.4362111635937158,"-0.27 	 (-1.13, 0.58)",-0.2710160823937981,-1.126895301091688,0.5848631363040917,SBP_BF_trt
race_ethOther Race,0.025529051097599988,0.8511652486860735,1.1482220047390501,0.8792472048934334,0.03193863574552231,146.2409476973718,8822.868100734515,-0.6898527567770856,2.9862967662551854,0.9376818249776592,"1.15 	 (-0.69, 2.99)",1.1482220047390501,-0.6898527567770856,2.9862967662551854,SBP_BF_trt
(Intercept),0.09396099354688783,0.3674321438627034,68.09567403079105,0.47078923676428003,0.21954005068583715,16.536367449841947,186.73038350747822,66.7420899955405,69.4492580660416,0.6861408286673225,"68.1 	 (66.74, 69.45)",68.09567403079105,66.7420899955405,69.4492580660416,DBP_BMI
age,7.30165465134539e-6,5.324364943864594e-5,-0.011215662748368896,6.127546955512587e-5,0.1310772512196611,24.887393734935106,523.826974563828,-0.02659352706127906,0.004162201564541265,0.007827864942315107,"-0.01 	 (-0.03, 0)",-0.011215662748368896,-0.02659352706127906,0.004162201564541265,DBP_BMI
bmi,4.762786937407063e-5,2.5985259863733396e-4,0.23449943901273226,3.1224325494881165e-4,0.16778795212106817,20.14188409581987,319.68404557909236,0.19973446354885,0.26926441447661453,0.017670406190826844,"0.23 	 (0.2, 0.27)",0.23449943901273226,0.19973446354885,0.26926441447661453,DBP_BMI
female,0.007678931766048605,0.06119680042434172,-2.76794127226966,0.06964362536699518,0.12128640486680495,26.764938246161552,611.8123838322014,-3.286202564920374,-2.249679979618947,0.26390078697683944,"-2.77 	 (-3.29, -2.25)",-2.76794127226966,-3.286202564920374,-2.249679979618947,DBP_BMI
race_ethHispanic,0.022368085177157472,0.11388848340239005,-3.2787323170792746,0.13849337709726328,0.17766115759884543,19.259877608115957,285.13959889771195,-4.011236106465046,-2.5462285276935033,0.37214698318979195,"-3.28 	 (-4.01, -2.55)",-3.2787323170792746,-4.011236106465046,-2.5462285276935033,DBP_BMI
race_ethNH Black,0.014306018916949718,0.17106004493505253,-1.606616114239437,0.18679666574369722,0.08424465579185889,39.20083160308301,1268.11251632764,-2.454521433011689,-0.7587107954671856,0.4321997984077471,"-1.61 	 (-2.45, -0.76)",-1.606616114239437,-2.454521433011689,-0.7587107954671856,DBP_BMI
race_ethNH White,0.00961027002861265,0.09040818539471746,-2.2257149372705864,0.10097948242619137,0.10468757392573053,30.976678298738424,821.2062360563261,-2.8494572665243267,-1.6019726080168462,0.317772689868389,"-2.23 	 (-2.85, -1.6)",-2.2257149372705864,-2.8494572665243267,-1.6019726080168462,DBP_BMI
race_ethOther Race,0.029524529422229436,0.29479372097545853,-2.3310112034799517,0.32727070333991093,0.09923583758953528,32.75388968692138,913.9142102276277,-3.453746025072088,-1.208276381887815,0.5720757846124156,"-2.33 	 (-3.45, -1.21)",-2.3310112034799517,-3.453746025072088,-1.208276381887815,DBP_BMI
(Intercept),0.09535651156943055,0.4015378849298884,69.49753641403835,0.506430047656262,0.20712073308408604,17.20947613483254,209.79510954135296,68.09465689465449,70.90041593342221,0.711638986886091,"69.5 	 (68.09, 70.9)",69.49753641403835,68.09465689465449,70.90041593342221,DBP_BF
age,1.1538193820549718e-5,5.312417865982165e-5,-0.013412734027665206,6.581619186242635e-5,0.19284028509480514,18.11091047951504,242.01761661242153,-0.02939328269667355,0.002567814641343133,0.008112717908471017,"-0.01 	 (-0.03, 0)",-0.013412734027665206,-0.02939328269667355,0.002567814641343133,DBP_BF
fat_percentage,1.4016621512932383e-4,2.286015396239772e-4,0.16219004124427794,3.827843762662334e-4,0.4027929199885089,11.866644186830488,55.47264231165263,0.12298866093331813,0.20139142155523773,0.019564876086145638,"0.16 	 (0.12, 0.2)",0.16219004124427794,0.12298866093331813,0.20139142155523773,DBP_BF
female,0.01379196944405671,0.07394958984649658,-3.9662939280608738,0.08912075623495896,0.17023157151477653,19.91216855329973,310.57199557528253,-4.5536929892440225,-3.378894866877725,0.2985309971091092,"-3.97 	 (-4.55, -3.38)",-3.9662939280608738,-4.5536929892440225,-3.378894866877725,DBP_BF
race_ethHispanic,0.019374531863210642,0.1031887704748995,-2.501952582239827,0.1245007555244312,0.17117956400955,19.82516275108858,307.14162497268796,-3.1962551718247254,-1.807649992654929,0.35284664590219816,"-2.5 	 (-3.2, -1.81)",-2.501952582239827,-3.1962551718247254,-1.807649992654929,DBP_BF
race_ethNH Black,0.010094935212629729,0.1546906465122659,-0.41402538899483693,0.1657950752461586,0.06697683099094337,51.54035067487887,2006.2882022934773,-1.212564117731375,0.38451333974170127,0.40717941407462954,"-0.41 	 (-1.21, 0.38)",-0.41402538899483693,-1.212564117731375,0.38451333974170127,DBP_BF
race_ethNH White,0.0075089722650153274,0.09130772474649992,-1.5661388033893102,0.09956759423801678,0.08295740752529991,39.8958173329697,1307.772396160992,-2.1851652792448895,-0.9471123275337311,0.31554333179139876,"-1.57 	 (-2.19, -0.95)",-1.5661388033893102,-2.1851652792448895,-0.9471123275337311,DBP_BF
race_ethOther Race,0.025445920477238065,0.28192224175834396,-1.4739627397071795,0.30991275428330584,0.09031739461543563,36.25989885007522,1103.3154694668249,-2.566269195163774,-0.38165628425058484,0.5566980818031493,"-1.47 	 (-2.57, -0.38)",-1.4739627397071795,-2.566269195163774,-0.38165628425058484,DBP_BF
(Intercept),0.13317512187946984,0.3673701373218068,68.81327789345801,0.5138627713892236,0.28508123612725483,14.079992611581421,110.74018454993548,67.39277045123836,70.23378533567765,0.7168422221027607,"68.81 	 (67.39, 70.23)",68.81327789345801,67.39277045123836,70.23378533567765,DBP_BMI_trt
age,2.6155283857382914e-5,6.188234923756141e-5,-0.005528330404612414,9.065316148068261e-5,0.31737240900585706,13.287933254989508,89.35197835270147,-0.024445716015298328,0.013389055206073492,0.009521195380869076,"-0.01 	 (-0.02, 0.01)",-0.005528330404612414,-0.024445716015298328,0.013389055206073492,DBP_BMI_trt
bmi,7.070734536901975e-5,2.499427525800018e-4,0.2352291703122046,3.277208324859235e-4,0.23733028906321513,15.713780863638656,159.7850610932906,0.1994770396130761,0.2709813010113331,0.018103061411980117,"0.24 	 (0.2, 0.27)",0.2352291703122046,0.1994770396130761,0.2709813010113331,DBP_BMI_trt
female,0.01284865272858465,0.06100870204241378,-2.7264556471536006,0.0751422200438569,0.18809023732854926,18.446845585753167,254.39583726319356,-3.2662907745612313,-2.18662051974597,0.27412081286151346,"-2.73 	 (-3.27, -2.19)",-2.7264556471536006,-3.2662907745612313,-2.18662051974597,DBP_BMI_trt
htn_med_taking1,0.08551941382955947,0.048904188132001335,-2.314083672568652,0.14297554334451676,0.6579541718253114,9.96007599871281,20.78984347257026,-3.100913770566197,-1.5272535745711076,0.37812106969133147,"-2.31 	 (-3.1, -1.53)",-2.314083672568652,-3.100913770566197,-1.5272535745711076,DBP_BMI_trt
htn_med_told1,0.1071275754450848,0.05789875846552648,0.9757905687117185,0.17573909145511976,0.6705413804855554,9.90612475452607,20.01664749238224,0.10137530972991449,1.8502058276935225,0.419212465767801,"0.98 	 (0.1, 1.85)",0.9757905687117185,0.10137530972991449,1.8502058276935225,DBP_BMI_trt
race_ethHispanic,0.016048551220139057,0.11290802706594075,-3.3113616913949206,0.1305614334080937,0.13521149302163377,24.194065174005914,492.28351483837463,-4.021306524710645,-2.6014168580791965,0.3613328568067035,"-3.31 	 (-4.02, -2.6)",-3.3113616913949206,-4.021306524710645,-2.6014168580791965,DBP_BMI_trt
race_ethNH Black,0.011930024482809762,0.16874480380632087,-1.6963175156950066,0.1818678307374116,0.07215694429235435,47.02673257944253,1728.567099573223,-2.532748737935443,-0.8598862934545698,0.4264596472556479,"-1.7 	 (-2.53, -0.86)",-1.6963175156950066,-2.532748737935443,-0.8598862934545698,DBP_BMI_trt
race_ethNH White,0.007406551620416021,0.08893306649824692,-2.212949291212259,0.09708027328070454,0.08392237173560722,39.372263502275715,1277.870991463736,-2.8242080937076217,-1.601690488716896,0.31157707438241433,"-2.21 	 (-2.82, -1.6)",-2.212949291212259,-2.8242080937076217,-1.601690488716896,DBP_BMI_trt
race_ethOther Race,0.025163601030945098,0.28893890508644343,-2.344975649219478,0.316618866220483,0.08742360006672562,37.59612215014467,1177.5656706448192,-3.4489604604881903,-1.2409908379507655,0.5626889604572699,"-2.34 	 (-3.45, -1.24)",-2.344975649219478,-3.4489604604881903,-1.2409908379507655,DBP_BMI_trt
(Intercept),0.11984378044112118,0.4023788133224949,70.14348375607511,0.5342069718077282,0.2467735642594363,15.332623278280224,147.79006554920176,68.69912950966737,71.58783800248285,0.7308946379661903,"70.14 	 (68.7, 71.59)",70.14348375607511,68.69912950966737,71.58783800248285,DBP_BF_trt
age,2.8700685671024654e-5,6.186005671570529e-5,-0.009866419173299773,9.343081095383241e-5,0.3379051719215772,12.872474230759744,78.82297662921259,-0.02910670606190527,0.009373867715305717,0.009665961460394532,"-0.01 	 (-0.03, 0.01)",-0.009866419173299773,-0.02910670606190527,0.009373867715305717,DBP_BF_trt
fat_percentage,1.5697622035985408e-4,2.2406034588307922e-4,0.16318017226700834,3.9673418827891876e-4,0.4352381203770708,11.487204409110104,47.51039676402607,0.12312130784436955,0.20323903668964713,0.019918187374329994,"0.16 	 (0.12, 0.2)",0.16318017226700834,0.12312130784436955,0.20323903668964713,DBP_BF_trt
female,0.015056766249106873,0.07295681468481968,-3.94137294504,0.08951925755883725,0.1850154181979421,18.675245434217626,262.92184188538937,-4.530501477870992,-3.3522444122090076,0.29919768976186506,"-3.94 	 (-4.53, -3.35)",-3.94137294504,-4.530501477870992,-3.3522444122090076,DBP_BF_trt
htn_med_taking1,0.10816006937159049,0.049776509673233126,-2.273176968005986,0.16875258598198267,0.7050326110051574,9.768826712899482,18.106065965212412,-3.1358631232647074,-1.4104908127472646,0.41079506567384994,"-2.27 	 (-3.14, -1.41)",-2.273176968005986,-3.1358631232647074,-1.4104908127472646,DBP_BF_trt
htn_med_told1,0.11904823174029518,0.05919385352871477,1.1774314942962611,0.1901469084430395,0.6886941049244198,9.832031504639176,18.975349265040613,0.26467056621783047,2.0901924223746917,0.43605837733386055,"1.18 	 (0.26, 2.09)",1.1774314942962611,0.26467056621783047,2.0901924223746917,DBP_BF_trt
race_ethHispanic,0.01208228341554026,0.1026075676811213,-2.54223687859511,0.11589807943821558,0.11467413283737253,28.261012027232393,684.4024886222683,-3.210665312789147,-1.8738084444010727,0.3404380699014368,"-2.54 	 (-3.21, -1.87)",-2.54223687859511,-3.210665312789147,-1.8738084444010727,DBP_BF_trt
race_ethNH Black,0.00805648082304776,0.15295019709817625,-0.509271274134259,0.1618123260035288,0.054767947067019304,66.87406546070221,3000.4720483290275,-1.29800264771655,0.2794600994480321,0.40225902849225,"-0.51 	 (-1.3, 0.28)",-0.509271274134259,-1.29800264771655,0.2794600994480321,DBP_BF_trt
race_ethNH White,0.006260510388347458,0.08958804448414803,-1.5653865247965086,0.09647460591133024,0.07138211513931075,47.647728496178374,1766.2968095223923,-2.174575869961557,-0.9561971796314602,0.31060361541896164,"-1.57 	 (-2.17, -0.96)",-1.5653865247965086,-2.174575869961557,-0.9561971796314602,DBP_BF_trt
race_ethOther Race,0.01966286763449956,0.27659915302744914,-1.4979470170271134,0.29822830742539863,0.0725254909055205,46.73741305000498,1711.0439114724938,-2.5690465765842085,-0.4268474574700183,0.5461028359433767,"-1.5 	 (-2.57, -0.43)",-1.4979470170271134,-2.5690465765842085,-0.4268474574700183,DBP_BF_trt
(Intercept),2.3971041866955,5.113377333001035,72.85002310444247,7.7501919383660844,0.3402257165157319,12.829058855945906,77.75140303798095,67.3073916596903,78.39265454919465,2.783916654349782,"72.85 	 (67.31, 78.39)",72.85002310444247,67.3073916596903,78.39265454919465,LDL_BMI
age,1.1512306627146912e-4,6.085374139543055e-4,0.3042789739923273,7.351727868529216e-4,0.17225253051151182,19.728068046660816,303.3271523850175,0.250923484606576,0.3576344633780786,0.027114069905731997,"0.3 	 (0.25, 0.36)",0.3042789739923273,0.250923484606576,0.3576344633780786,LDL_BMI
bmi,0.001883391338655857,0.004218192482275715,1.1385414091851487,0.006289922954797158,0.3293729489868216,13.038032706113878,82.95960069761578,0.9807977932977827,1.2962850250725146,0.07930903450929887,"1.14 	 (0.98, 1.3)",1.1385414091851487,0.9807977932977827,1.2962850250725146,LDL_BMI
female,0.1486446271618454,0.8004032644581973,-8.406358272730797,0.9639123543362272,0.16963066106837707,19.96792300006042,312.7762729524257,-10.338106920754266,-6.474609624707328,0.981790382075638,"-8.41 	 (-10.34, -6.47)",-8.406358272730797,-10.338106920754266,-6.474609624707328,LDL_BMI
race_ethHispanic,0.6986063487131945,2.954928744688935,-1.6239452965132022,3.723395728273449,0.20638874824644401,17.252123910182203,211.28588036096505,-5.427699659638041,2.179809066611636,1.9296102529457728,"-1.62 	 (-5.43, 2.18)",-1.6239452965132022,-5.427699659638041,2.179809066611636,LDL_BMI
race_ethNH Black,0.7032167290768224,2.0761846687086516,-16.37319509893861,2.8497230706931562,0.27144335880902,14.479569465073222,122.14735532488099,-19.71494158390753,-13.031448613969689,1.6881122802388342,"-16.37 	 (-19.71, -13.03)",-16.37319509893861,-19.71494158390753,-13.031448613969689,LDL_BMI
race_ethNH White,0.5031018245176512,2.012031754139301,-7.351436532979541,2.5654437611087175,0.21571784786669662,16.733871583442248,193.40618202691863,-10.51047885511623,-4.1923942108428545,1.6017002719325228,"-7.35 	 (-10.51, -4.19)",-7.351436532979541,-10.51047885511623,-4.1923942108428545,LDL_BMI
race_ethOther Race,2.062831794494257,7.682198291364867,-6.899536895336025,9.95131326530855,0.22802166040276162,16.125561241908468,173.0973032443873,-13.125912520199979,-0.6731612704720744,3.154570218795034,"-6.9 	 (-13.13, -0.67)",-6.899536895336025,-13.125912520199979,-0.6731612704720744,LDL_BMI
(Intercept),3.2684240955336628,5.242611758758844,76.38162544438346,8.837878263845873,0.4068019945233462,11.81612789052466,54.38465305274711,70.42237148645175,82.34087940231517,2.972856919504515,"76.38 	 (70.42, 82.34)",76.38162544438346,70.42237148645175,82.34087940231517,LDL_BF
age,1.421496432414925e-4,5.828185147027e-4,0.2863930763956879,7.391831222683417e-4,0.21153703710902313,16.95950014190012,201.12667557291863,0.23278314305083259,0.3400030097405432,0.027187922360275008,"0.29 	 (0.23, 0.34)",0.2863930763956879,0.23278314305083259,0.3400030097405432,LDL_BF
fat_percentage,0.0033567099011269125,0.0038001885350049136,0.9157739815004063,0.007492569426244518,0.4928056960414882,10.947887426427908,37.058776042807345,0.7403969019711758,1.0911510610296369,0.0865596293097684,"0.92 	 (0.74, 1.09)",0.9157739815004063,0.7403969019711758,1.0911510610296369,LDL_BF
female,0.337142938976418,1.102710692704778,-15.243717274339431,1.4735679255788379,0.25167298122913606,15.147843586047442,142.0919002056961,-17.64336678344366,-12.8440677652352,1.2139060612662076,"-15.24 	 (-17.64, -12.84)",-15.243717274339431,-17.64336678344366,-12.8440677652352,LDL_BF
race_ethHispanic,0.6519012252377919,2.8936989765581234,1.8594030468660745,3.6107903243196944,0.198596784457895,17.72913952861243,228.19077565972088,-1.884794106559624,5.603600200291773,1.900207968702293,"1.86 	 (-1.88, 5.6)",1.8594030468660745,-1.884794106559624,5.603600200291773,LDL_BF
race_ethNH Black,0.640248705788261,2.014056971091002,-10.669204811665129,2.718330547458089,0.25908312623189017,14.883620181353187,134.0800773307167,-13.93009968559782,-7.408309937732436,1.648736045417243,"-10.67 	 (-13.93, -7.41)",-10.669204811665129,-13.93009968559782,-7.408309937732436,LDL_BF
race_ethNH White,0.5852959631614805,2.014077064500287,-4.320935310849057,2.6579026239779155,0.24223067981100654,15.511694549246767,153.38546717219282,-7.541690545763441,-1.100180075934674,1.6303075243578788,"-4.32 	 (-7.54, -1.1)",-4.320935310849057,-7.541690545763441,-1.100180075934674,LDL_BF
race_ethOther Race,1.4972137378233437,7.70185939999943,-2.9827910302177965,9.348794511605108,0.17616550556986343,19.385916331151932,290.00184466052724,-9.000651938207133,3.0350698777715386,3.0575798454995593,"-2.98 	 (-9, 3.04)",-2.9827910302177965,-9.000651938207133,3.0350698777715386,LDL_BF
(Intercept),5.084547131510039,4.866965537503877,80.34674965786454,10.45996738216492,0.534705476634426,10.634489700485343,31.478443134035917,73.75464226585294,86.93885704987613,3.23418728309987,"80.35 	 (73.75, 86.94)",80.34674965786454,73.75464226585294,86.93885704987613,LDL_BMI_trt
age,4.304561511177999e-4,7.184441988778011e-4,0.47777549643509576,0.001191945965107381,0.3972510332604907,11.938337800276118,57.03119064134019,0.4086420560237255,0.546908936846466,0.03452457045507418,"0.48 	 (0.41, 0.55)",0.47777549643509576,0.4086420560237255,0.546908936846466,LDL_BMI_trt
bmi,0.002732149716158184,0.003889693932700005,1.1850358193846486,0.006895058620474008,0.43587224608213637,11.48040793936111,47.372256982573134,1.0180225932644058,1.3520490455048915,0.08303648969262856,"1.19 	 (1.02, 1.35)",1.1850358193846486,1.0180225932644058,1.3520490455048915,LDL_BMI_trt
chol_med_taking1,1.572318517169273,0.8814733837261838,-31.483867972560457,2.6110237526123843,0.6624031539949604,9.940755673025583,20.511514394633203,-34.8491253774238,-28.11861056769711,1.6158662545558602,"-31.48 	 (-34.85, -28.12)",-31.483867972560457,-34.8491253774238,-28.11861056769711,LDL_BMI_trt
chol_med_told1,1.0146308377202706,1.5163718750756527,2.237812203789878,2.6324657965679505,0.4239728101870852,11.611686956419344,50.06872105036873,-1.0209390952100268,5.496563502789782,1.6224875335631859,"2.24 	 (-1.02, 5.5)",2.237812203789878,-1.0209390952100268,5.496563502789782,LDL_BMI_trt
female,0.19315552668738598,0.7042744043151337,-6.904335225604919,0.9167454836712583,0.23176670421680087,15.955271966807224,167.5484518802582,-8.794591858744914,-5.014078592464925,0.9574682677098277,"-6.9 	 (-8.79, -5.01)",-6.904335225604919,-8.794591858744914,-5.014078592464925,LDL_BMI_trt
race_ethHispanic,0.8679181855054477,2.2650524317189245,-2.0736623341962965,3.219762435774917,0.2965156663262386,13.77709493718563,102.36399364046284,-5.632634126005344,1.4853094576127512,1.794369648588305,"-2.07 	 (-5.63, 1.49)",-2.0736623341962965,-5.632634126005344,1.4853094576127512,LDL_BMI_trt
race_ethNH Black,0.798476574390815,1.7135828580976686,-16.130363506569243,2.5919070899275654,0.3388718041796948,12.854308203037668,78.37393270831603,-19.335267163450283,-12.925459849688204,1.6099400889249156,"-16.13 	 (-19.34, -12.93)",-16.130363506569243,-19.335267163450283,-12.925459849688204,LDL_BMI_trt
race_ethNH White,0.4396461468530955,1.7129867507404173,-6.399766255515844,2.1965975122788226,0.22016357518164142,16.504907437252015,185.6742042892605,-9.323671660940708,-3.4758608500909793,1.4820922752240573,"-6.4 	 (-9.32, -3.48)",-6.399766255515844,-9.323671660940708,-3.4758608500909793,LDL_BMI_trt
race_ethOther Race,2.1115806157850483,6.996522593383748,-6.228405796276722,9.319261270747301,0.2492406436392673,15.238530286613344,144.87878034223993,-12.262078314478273,-0.19473327807517027,3.0527465126910394,"-6.23 	 (-12.26, -0.19)",-6.228405796276722,-12.262078314478273,-0.19473327807517027,LDL_BMI_trt
(Intercept),6.703701910728635,5.009449087053146,83.56794468353088,12.383521188854646,0.5954745818530416,10.264333424881357,25.381428037183824,76.32590026004533,90.80998910701643,3.5190227604911346,"83.57 	 (76.33, 90.81)",83.56794468353088,76.32590026004533,90.80998910701643,LDL_BF_trt
age,5.566096367320769e-4,6.839617309940995e-4,0.44787266006682047,0.001296232331399384,0.47234634222114386,11.123073302280854,40.338653391895434,0.3751264490859675,0.5206188710476735,0.036003226680387745,"0.45 	 (0.38, 0.52)",0.44787266006682047,0.3751264490859675,0.5206188710476735,LDL_BF_trt
chol_med_taking1,1.6746890380658461,0.8914042780715632,-31.662753983385947,2.733562219943994,0.6739037906041054,9.892077989766019,19.817401625106292,-35.11361743494432,-28.211890531827578,1.653348789561354,"-31.66 	 (-35.11, -28.21)",-31.662753983385947,-35.11361743494432,-28.211890531827578,LDL_BF_trt
chol_med_told1,1.2581420324608352,1.5041200193501676,3.208121177723873,2.8880762550570864,0.4791965701333476,11.062594543984769,39.19359563216804,-0.22876595772119357,6.645008313168939,1.6994340984742793,"3.21 	 (-0.23, 6.65)",3.208121177723873,-0.22876595772119357,6.645008313168939,LDL_BF_trt
fat_percentage,0.005284852832961897,0.0033914310827997765,0.9817030314470413,0.009204769199057864,0.631557184166345,10.080728939008399,22.564055015822913,0.7830205481108884,1.1803855147831943,0.09594148841381325,"0.98 	 (0.78, 1.18)",0.9817030314470413,0.7830205481108884,1.1803855147831943,LDL_BF_trt
female,0.6401882543219317,0.9344321293146048,-14.18073479056774,1.6386392090687298,0.4297511470840121,11.546936920801313,48.73134747856891,-16.75353763073941,-11.607931950396072,1.2800934376320854,"-14.18 	 (-16.75, -11.61)",-14.18073479056774,-16.75353763073941,-11.607931950396072,LDL_BF_trt
race_ethHispanic,0.8418330604687445,2.194747801377149,1.444269313474706,3.120764167892768,0.2967274413243769,13.77173503134251,102.21793098713474,-2.059621210369309,4.94815983731872,1.7665684724608803,"1.44 	 (-2.06, 4.95)",1.444269313474706,-2.059621210369309,4.94815983731872,LDL_BF_trt
race_ethNH Black,0.6112838811389794,1.6311964272391672,-10.218353794684683,2.3036086964920446,0.291895177456498,13.896240909987807,105.63033806449884,-13.22759086716913,-7.2091167222002355,1.5177643744969258,"-10.22 	 (-13.23, -7.21)",-10.218353794684683,-13.22759086716913,-7.2091167222002355,LDL_BF_trt
race_ethNH White,0.497300958630407,1.7059515820195,-3.2895026714911046,2.2529826365129475,0.24280304944565162,15.488705914749755,152.66315577816133,-6.2549038068483025,-0.3241015361339068,1.5009938829032408,"-3.29 	 (-6.25, -0.32)",-3.2895026714911046,-6.2549038068483025,-0.3241015361339068,LDL_BF_trt
race_ethOther Race,1.5072996923240267,6.942458027998715,-2.264408099726028,8.600487689555145,0.1927832143251623,18.1148305298021,242.16092967149245,-8.041184511144058,3.5123683116920015,2.9326588089232515,"-2.26 	 (-8.04, 3.51)",-2.264408099726028,-8.041184511144058,3.5123683116920015,LDL_BF_trt
(Intercept),0.09177959294153547,0.5237095294539639,63.79864892318808,0.6246670816896529,0.16161817261542005,20.75920359035571,344.55783149055,62.24411364095305,65.3531842054231,0.7903588309683475,"63.8 	 (62.24, 65.35)",63.79864892318808,62.24411364095305,65.3531842054231,HDL_BMI
age,7.4141700985813905e-6,6.9884112425364e-5,0.09133311171238709,7.803969953380354e-5,0.10450561902672204,31.032242141015214,824.0683324491032,0.07399330645821312,0.10867291696656106,0.008834008123938053,"0.09 	 (0.07, 0.11)",0.09133311171238709,0.07399330645821312,0.10867291696656106,HDL_BMI
bmi,5.38937645455911e-5,5.761246306424485e-4,-0.7758692338140315,6.354077716425987e-4,0.0932993640397202,34.99261970090793,1033.9157294987128,-0.8253325296972003,-0.7264059379308627,0.025207296000217847,"-0.78 	 (-0.83, -0.73)",-0.7758692338140315,-0.8253325296972003,-0.7264059379308627,HDL_BMI
female,0.008398701005465308,0.08244988921296426,10.725015199170418,0.0916884603189761,0.10076045637446265,32.232399396616046,886.4663563627267,10.13072468300173,11.319305715339105,0.3028010243030497,"10.73 	 (10.13, 11.32)",10.725015199170418,10.13072468300173,11.319305715339105,HDL_BMI
race_ethHispanic,0.037914817225386435,0.15250981507288425,0.09206347019244232,0.19421611402080932,0.2147417023463689,16.785631909890675,195.16850085710084,-0.7770813283013476,0.961208268686232,0.440699573429348,"0.09 	 (-0.78, 0.96)",0.09206347019244232,-0.7770813283013476,0.961208268686232,HDL_BMI
race_ethNH Black,0.03886544223437196,0.21985762371411463,6.156321637641578,0.2626096101719238,0.1627967324951304,20.63693034267002,339.58706673877924,5.148336825934164,7.164306449348992,0.512454495708569,"6.16 	 (5.15, 7.16)",6.156321637641578,5.148336825934164,7.164306449348992,HDL_BMI
race_ethNH White,0.038911872980762124,0.18032526406418775,3.2202162920817488,0.2231283243430261,0.19183158572479173,18.180602403906384,244.56948883937514,2.289794462548208,4.150638121615289,0.47236460953698267,"3.22 	 (2.29, 4.15)",3.2202162920817488,2.289794462548208,4.150638121615289,HDL_BMI
race_ethOther Race,0.039227866732589704,0.5012216596739257,1.0430199692572206,0.5443723130797744,0.07926680393006177,42.05115855624025,1432.3851642373127,-0.4042955994098498,2.490335537924291,0.737815907310065,"1.04 	 (-0.4, 2.49)",1.0430199692572206,-0.4042955994098498,2.490335537924291,HDL_BMI
(Intercept),0.09546356622060671,0.5499114366227564,56.90365976472622,0.6549213594654238,0.16033974358139913,20.894288438315666,350.07422817909776,55.312012858071796,58.495306671380646,0.809272117069051,"56.9 	 (55.31, 58.5)",56.90365976472622,55.312012858071796,58.495306671380646,HDL_BF
age,1.3611722429175984e-5,7.579320026649474e-5,0.0935907919824277,9.076609493858831e-5,0.16496131823478952,20.417819735056575,330.7335652271459,0.0748493894885923,0.1123321944762631,0.0095271241693697,"0.09 	 (0.07, 0.11)",0.0935907919824277,0.0748493894885923,0.1123321944762631,HDL_BF
fat_percentage,2.9365302053195797e-4,4.6439047703821803e-4,-0.44814053036201484,7.874087996233718e-4,0.41022950561342186,11.773805680482036,53.479670420766624,-0.5044115965483787,-0.39186946417565094,0.028060805398693954,"-0.45 	 (-0.5, -0.39)",-0.44814053036201484,-0.5044115965483787,-0.39186946417565094,HDL_BF
female,0.028272584927015502,0.1477035146837903,13.980725891515773,0.17880335810350736,0.17393321775150156,19.578854328819872,297.4934762779907,13.148566830098948,14.812884952932597,0.4228514610398164,"13.98 	 (13.15, 14.81)",13.980725891515773,13.148566830098948,14.812884952932597,HDL_BF
race_ethHispanic,0.041346742196946236,0.14312655367098637,-2.6718920927414915,0.18860797008762722,0.24114260068389584,15.555744584700257,154.77279613181759,-3.529793256008479,-1.8139909294745042,0.43429019110224815,"-2.67 	 (-3.53, -1.81)",-2.6718920927414915,-3.529793256008479,-1.8139909294745042,HDL_BF
race_ethNH Black,0.03949136905716639,0.20230555714358198,2.1546576578086056,0.24574606310646502,0.17676989577677676,19.334677949651653,288.0221564805901,1.1789490593751322,3.1303662562420786,0.4957278115119879,"2.15 	 (1.18, 3.13)",2.1546576578086056,1.1789490593751322,3.1303662562420786,HDL_BF
race_ethNH White,0.032439003625923536,0.16987605641773496,0.9236994331453261,0.20555896040625085,0.173589630527392,19.609077712875493,298.672303778234,0.03146348683722977,1.8159353794534225,0.45338610521965805,"0.92 	 (0.03, 1.82)",0.9236994331453261,0.03146348683722977,1.8159353794534225,HDL_BF
race_ethOther Race,0.038561701896657453,0.4705433760991459,-1.955366219717102,0.5129612481854692,0.08269215703207732,40.04249035918087,1316.1756991667175,-3.3604102287881217,-0.5503222106460826,0.7162131304196183,"-1.96 	 (-3.36, -0.55)",-1.955366219717102,-3.3604102287881217,-0.5503222106460826,HDL_BF
(Intercept),0.07502207280068181,0.5264844893105493,62.14306212032432,0.6090087693912992,0.13550589782677933,24.14666653212938,490.146734167873,60.609739341970936,63.67638489867771,0.7803901392196722,"62.14 	 (60.61, 63.68)",62.14306212032432,60.609739341970936,63.67638489867771,HDL_BMI_trt
age,1.164041551569452e-5,9.2259330815955e-5,0.12458854799603042,1.0506378788321897e-4,0.1218731717677688,26.641860479143265,605.935338753384,0.10445858553090354,0.1447185104611573,0.010250062823379131,"0.12 	 (0.1, 0.14)",0.12458854799603042,0.10445858553090354,0.1447185104611573,HDL_BMI_trt
bmi,5.715381150358709e-5,5.38327851133505e-4,-0.7573750289252857,6.011970437874508e-4,0.10457335627913165,31.01152870120595,823.0010998782525,-0.805502791020976,-0.7092472668295955,0.024519319806786052,"-0.76 	 (-0.81, -0.71)",-0.7573750289252857,-0.805502791020976,-0.7092472668295955,HDL_BMI_trt
chol_med_taking1,0.060642237767477986,0.08232135211829222,1.3075868371774397,0.149027813662518,0.447610817771818,11.358417147837386,44.920166939056934,0.5300217921247818,2.0851518822300976,0.3860412072078808,"1.31 	 (0.53, 2.09)",1.3075868371774397,0.5300217921247818,2.0851518822300976,HDL_BMI_trt
chol_med_told1,0.01581884832340205,0.11414715092164866,-3.7832018751141723,0.13154788407739093,0.13227680002443243,24.680739880873933,514.3694293886837,-4.495748236153205,-3.0706555140751397,0.36269530473579464,"-3.78 	 (-4.5, -3.07)",-3.7832018751141723,-4.495748236153205,-3.0706555140751397,HDL_BMI_trt
female,0.0065761734799012015,0.07911853120509753,10.433033947884708,0.08635232203298884,0.0837706578999442,39.45355140949363,1282.5037893998372,9.856539466785536,11.009528428983879,0.2938576560734616,"10.43 	 (9.86, 11.01)",10.433033947884708,9.856539466785536,11.009528428983879,HDL_BMI_trt
race_ethHispanic,0.041017495951590134,0.14444758237210606,0.17458815485202997,0.1895668279188552,0.23801234658029205,15.685075604728455,158.87060055215403,-0.6853162056396033,1.034492515343663,0.43539272837158777,"0.17 	 (-0.69, 1.03)",0.17458815485202997,-0.6853162056396033,1.034492515343663,HDL_BMI_trt
race_ethNH Black,0.04687879542689853,0.21937776350394494,6.0602169225589,0.27094443847353333,0.19032195405120145,18.286539643708025,248.46472134517728,5.0350164337630865,7.085417411354713,0.5205232352868921,"6.06 	 (5.04, 7.09)",6.0602169225589,5.0350164337630865,7.085417411354713,HDL_BMI_trt
race_ethNH White,0.04457744960048358,0.17596655233414654,3.1491772088104018,0.22500174689467847,0.21793250602398623,16.618447289088646,189.4953178661174,2.2135053334748376,4.084849084145966,0.4743434904103549,"3.15 	 (2.21, 4.08)",3.1491772088104018,2.2135053334748376,4.084849084145966,HDL_BMI_trt
race_ethOther Race,0.03881612236335525,0.5024461470339883,1.153658262145185,0.545143881633679,0.07832378944020219,42.64421600411585,1467.0844941779528,-0.2946536535941031,2.601970177884473,0.7383385955194804,"1.15 	 (-0.29, 2.6)",1.153658262145185,-0.2946536535941031,2.601970177884473,HDL_BMI_trt
(Intercept),0.1378549285763214,0.5277506118509437,55.23394336857982,0.67939103328489725,0.22320050457652174,16.354607173451182,180.6559065210454,53.607544271488294,56.86034246567135,0.8242518021120107,"55.23 	 (53.61, 56.86)",55.23394336857982,53.607544271488294,56.86034246567135,HDL_BF_trt
age,2.135305006127335e-5,1.0222184862715327e-4,0.1357006175982832,1.2571020369455397e-4,0.18684525501582855,18.538249363104413,257.7972989948659,0.11362173922187016,0.15777949597469623,0.011212056176034527,"0.14 	 (0.11, 0.16)",0.1357006175982832,0.11362173922187016,0.15777949597469623,HDL_BF_trt
chol_med_taking1,0.08582978391182101,0.08763639460716123,1.3190404496920785,0.18204915691016435,0.5186113679702066,10.748351405360616,33.46250467570249,0.4514249228112327,2.186655976572924,0.4266721890516938,"1.32 	 (0.45, 2.19)",1.3190404496920785,0.4514249228112327,2.186655976572924,HDL_BF_trt
chol_med_told1,0.017500643692752987,0.1301197225676628,-4.585757268038279,0.14937043062969108,0.12887897544965457,25.278423369525775,541.84910407819,-5.3449491706573635,-3.8265653654191945,0.3864847094384085,"-4.59 	 (-5.34, -3.83)",-4.585757268038279,-5.3449491706573635,-3.8265653654191945,HDL_BF_trt
fat_percentage,3.0134334497100134e-4,4.3105244059733663e-4,-0.437985626043639,7.625301200654381e-4,0.43470765382966775,11.492906657081265,47.62641981132719,-0.49351844273820755,-0.38245280934907044,0.02761394792610137,"-0.44 	 (-0.49, -0.38)",-0.437985626043639,-0.49351844273820755,-0.38245280934907044,HDL_BF_trt
female,0.028302501676995835,0.13672903354633623,13.56663684596844,0.16786178539103164,0.18546658354772122,18.641169457889916,261.64423226204576,12.759889498118081,14.373384193818797,0.4097093913873975,"13.57 	 (12.76, 14.37)",13.56663684596844,12.759889498118081,14.373384193818797,HDL_BF_trt
race_ethHispanic,0.0455004585330428,0.13286952653691167,-2.48705426443303,0.18292003092325876,0.2736195928555522,14.412749483745335,120.21208361644527,-3.3338384808796038,-1.6402700479864558,0.4276915137377158,"-2.49 	 (-3.33, -1.64)",-2.48705426443303,-3.3338384808796038,-1.6402700479864558,HDL_BF_trt
race_ethNH Black,0.04768716877673303,0.20039566726669916,2.1602550435554684,0.2528515529211055,0.20745724140667457,17.18998865340164,209.11506055441367,1.1689629355597781,3.1515471515511586,0.5028434676130391,"2.16 	 (1.17, 3.15)",2.1602550435554684,1.1689629355597781,3.1515471515511586,HDL_BF_trt
race_ethNH White,0.03787302667273433,0.16697089388282735,0.9179332068036837,0.20863122322283512,0.19968405829414682,17.65994145286359,225.71255684145567,0.01787074643684461,1.8179956671705226,0.45676167004558854,"0.92 	 (0.02, 1.82)",0.9179332068036837,0.01787074643684461,1.8179956671705226,HDL_BF_trt
race_ethOther Race,0.04005316341268456,0.4666327911169347,-1.7205556444171144,0.5106912708708877,0.08627223974049839,38.15982875624726,1209.2061946519564,-3.122601535903084,-0.3185097529311445,0.7146266653791249,"-1.72 	 (-3.12, -0.32)",-1.7205556444171144,-3.122601535903084,-0.3185097529311445,HDL_BF_trt
(Intercept),48.130459785233185,53.91883819231265,175.07779681566814,106.86234395606915,0.49543650086434055,10.926506371729623,36.666251247875834,154.12574794730642,196.02984568402985,10.337424435325714,"175.08 	 (154.13, 196.03)",175.07779681566814,154.12574794730642,196.02984568402985,Triglyceride_BMI
age,0.0017572013330334649,0.004887300483551175,-0.2522468935046977,0.006820221949887986,0.2834103465457686,14.126591415339838,112.0498055500618,-0.4158769675385694,-0.08861681947082603,0.0825846350714707,"-0.25 	 (-0.42, -0.09)",-0.2522468935046977,-0.4158769675385694,-0.08861681947082603,Triglyceride_BMI
bmi,0.05482837235954459,0.046938955685330234,-1.4660501908845949,0.10725016528082928,0.5623414139976113,10.455417088836494,28.460489952318714,-2.1363958463534387,-0.7957045354157514,0.3274907102206554,"-1.47 	 (-2.14, -0.8)",-1.4660501908845949,-2.1363958463534387,-0.7957045354157514,Triglyceride_BMI
female,2.096072910398634,7.269573651310915,22.696949184203717,9.575253852749412,0.24079572582573894,15.569884454763127,155.2190288080219,16.58439746461365,28.809500903793783,3.094390707837233,"22.7 	 (16.58, 28.81)",22.696949184203717,16.58439746461365,28.809500903793783,Triglyceride_BMI
race_ethHispanic,15.026381396430267,18.767698624070803,6.046980361553693,35.296718160144096,0.4682877161859576,11.15982078695908,41.04090962268467,-5.950959614526006,18.04492033763339,5.941104119618179,"6.05 	 (-5.95, 18.04)",6.046980361553693,-5.950959614526006,18.04492033763339,Triglyceride_BMI
race_ethNH Black,16.615269703777443,17.41901399148535,21.231294807742433,35.695810665640536,0.5120151730227479,10.797271142589032,34.33024062015562,9.09375334044546,33.368836275039406,5.97459711324877,"21.23 	 (9.09, 33.37)",21.231294807742433,9.09375334044546,33.368836275039406,Triglyceride_BMI
race_ethNH White,11.837643257289514,20.232972872594047,14.742713202813615,33.25438045561251,0.39156969411591536,12.014175973866104,58.69814352089924,3.2024092396586763,26.283017165968552,5.766661118499379,"14.74 	 (3.2, 26.28)",14.742713202813615,3.2024092396586763,26.283017165968552,Triglyceride_BMI
race_ethOther Race,42.63262341419086,86.33879298380532,12.66009941160838,133.23467873941527,0.3519795761832432,12.618992876818064,72.64531000310816,-10.34642614118564,35.66662496440239,11.54273272407428,"12.66 	 (-10.35, 35.67)",12.66009941160838,-10.34642614118564,35.66662496440239,Triglyceride_BMI
(Intercept),54.95729424574013,47.488234988874375,176.41551617237104,107.94125865918852,0.560054833723843,10.469507511248198,28.693360160347524,155.15677915642092,197.67425318832116,10.389478266938553,"176.42 	 (155.16, 197.67)",176.41551617237104,155.15677915642092,197.67425318832116,Triglyceride_BF
age,0.0019136897606324775,0.004955135684291333,-0.21611433044265302,0.007060194420987058,0.29815874906195927,13.735736130346961,101.23889450079378,-0.3827924866149681,-0.049436174270338,0.08402496308233083,"-0.22 	 (-0.38, -0.05)",-0.21611433044265302,-0.3827924866149681,-0.049436174270338,Triglyceride_BF
fat_percentage,0.0505039537282954,0.036098866643548146,-1.410130502570705,0.09165321574467308,0.6061363875751821,10.207629547090217,24.49637358843813,-2.0342916488381086,-0.7859693563033016,0.3027428211282195,"-1.41 	 (-2.03, -0.79)",-1.410130502570705,-2.0342916488381086,-0.7859693563033016,Triglyceride_BF
female,2.4478165230426456,9.933248026765915,33.350421767545186,12.625846202112825,0.21326080899800026,16.865216740824064,197.8884308196036,26.343254045782643,40.35758948930773,3.553286676038513,"33.35 	 (26.34, 40.36)",33.350421767545186,26.343254045782643,40.35758948930773,Triglyceride_BF
race_ethHispanic,13.57368492455952,18.475972102638266,2.0722778783474585,33.40702551965374,0.44694351516663344,11.365163115160396,45.054401895085384,-9.56861227476267,13.713168031457585,5.779881099093107,"2.07 	 (-9.57, 13.71)",2.0722778783474585,-9.56861227476267,13.713168031457585,Triglyceride_BF
race_ethNH Black,13.808235922841776,15.520912807360197,14.033646009216305,30.709972322486152,0.4945969783243462,10.933302355427783,36.79083053298082,2.8030252969009464,25.26426672153166,5.541657903776284,"14.03 	 (2.8, 25.26)",14.033646009216305,2.8030252969009464,25.26426672153166,Triglyceride_BF
race_ethNH White,11.394639843919286,19.112527885877018,11.141258301723479,31.64663171418823,0.3960643881949611,11.953978470672121,57.37344389300869,-0.12209015241887577,22.404606755865828,5.625533904811901,"11.14 	 (-0.12, 22.4)",11.141258301723479,-0.12209015241887577,22.404606755865828,Triglyceride_BF
race_ethOther Race,36.19740320588055,84.08156593732697,8.053808893818571,123.89870946379557,0.32136850899244895,13.202378710630603,87.14367556176275,-14.069704273730894,30.177322061368038,11.130979717158574,"8.05 	 (-14.07, 30.18)",8.053808893818571,-14.069704273730894,30.177322061368038,Triglyceride_BF
(Intercept),45.07069951113951,50.96525172078284,167.119945440657,100.5430211830363,0.49310005686021957,10.945482721505446,37.01454406394954,146.8033514837834,187.43653939753062,10.027114299888892,"167.12 	 (146.8, 187.44)",167.119945440657,146.8033514837834,187.43653939753062,Triglyceride_BMI_trt
age,0.0025461465308700055,0.007232421815634741,-0.18350147940301795,0.010033182999591748,0.27914981557407753,14.24829770443956,115.49623281706033,-0.38190154376537955,0.014898584959343625,0.10016577758691712,"-0.18 	 (-0.38, 0.01)",-0.18350147940301795,-0.38190154376537955,0.014898584959343625,Triglyceride_BMI_trt
bmi,0.05589596889019817,0.044853216582019455,-1.4128748469020733,0.10633878236123745,0.5782045309711076,10.360979502340118,26.920277243595557,-2.082061868614377,-0.74368782518977,0.3260962777482096,"-1.41 	 (-2.08, -0.74)",-1.4128748469020733,-2.082061868614377,-0.74368782518977,Triglyceride_BMI_trt
chol_med_taking1,19.892768158192954,7.715791427830201,13.344670245289697,29.597836401842454,0.7393123158370489,9.645884938976973,16.46594375245365,1.8380271823257175,24.851313308253676,5.4403893612353205,"13.34 	 (1.84, 24.85)",13.344670245289697,1.8380271823257175,24.851313308253676,Triglyceride_BMI_trt
chol_med_told1,6.7009825294227126,16.282258348520205,-13.882100458456211,23.65333913088519,0.3116296072016422,13.415234413985228,92.6755313917669,-23.540433383748926,-4.223767533163498,4.863469865320972,"-13.88 	 (-23.54, -4.22)",-13.882100458456211,-23.540433383748926,-4.223767533163498,Triglyceride_BMI_trt
female,2.152394580131934,7.293952109333436,21.26232050066052,9.661586147478562,0.24505645367174234,15.399406152177697,149.86845175211351,15.120551921559791,27.404089079761242,3.1083092104033927,"21.26 	 (15.12, 27.4)",21.26232050066052,15.120551921559791,27.404089079761242,Triglyceride_BMI_trt
race_ethHispanic,15.032967610415037,18.60402506923071,6.4627398231730755,35.140289440687255,0.4705784908052008,11.138994366920578,40.6423081462888,-5.512147272737339,18.43762691908349,5.927924547486013,"6.46 	 (-5.51, 18.44)",6.4627398231730755,-5.512147272737339,18.43762691908349,Triglyceride_BMI_trt
race_ethNH Black,15.693056038141636,17.505010401228855,20.822397611360948,34.76737204318466,0.4965103954510617,10.917849695488334,36.507813049765794,8.869744804983396,32.7750504177385,5.896386354639989,"20.82 	 (8.87, 32.78)",20.822397611360948,8.869744804983396,32.7750504177385,Triglyceride_BMI_trt
race_ethNH White,11.948336891368193,20.207720080571505,14.230246023027807,33.35089066107652,0.39408754369022814,11.980266622901695,57.950487481305764,2.670071218090582,25.79042082796503,5.775023000913201,"14.23 	 (2.67, 25.79)",14.230246023027807,2.670071218090582,25.79042082796503,Triglyceride_BMI_trt
race_ethOther Race,42.66511550436512,87.22552209823087,12.869686131125377,134.1571491530325,0.34982576292871975,12.656302687641215,73.54259150517386,-10.21157874479432,35.95095100704508,11.58262272341772,"12.87 	 (-10.21, 35.95)",12.869686131125377,-10.21157874479432,35.95095100704508,Triglyceride_BMI_trt
(Intercept),56.09287728622874,45.96569831684152,169.09370157358077,107.66786333169314,0.5730787544725888,10.390876562112329,27.403995831795893,147.81794327738154,190.36945986978,10.37631260765081,"169.09 	 (147.82, 190.37)",169.09370157358077,147.81794327738154,190.36945986978,Triglyceride_BF_trt
age,0.003146890408681092,0.007294752575194639,-0.13800700365771304,0.010756332024743841,0.3218178317279712,13.192908831928074,86.90050507063799,-0.3441506284763777,0.06813662116095154,0.10371273800620559,"-0.14 	 (-0.34, 0.07)",-0.13800700365771304,-0.3441506284763777,0.06813662116095154,Triglyceride_BF_trt
chol_med_taking1,19.016827172878887,7.84613195435593,13.66857347651127,28.764641844522707,0.7272299791957962,9.687807191898722,17.01762548580488,2.3539601508479304,24.983186802174608,5.363267832629908,"13.67 	 (2.35, 24.98)",13.66857347651127,2.3539601508479304,24.983186802174608,Triglyceride_BF_trt
chol_med_told1,7.2433597090672555,16.762535453698966,-14.827634179778242,24.730231133672948,0.3221844404488837,13.185204300416853,86.70285209070354,-24.712388331432372,-4.942880028124112,4.972949942807885,"-14.83 	 (-24.71, -4.94)",-14.827634179778242,-24.712388331432372,-4.942880028124112,Triglyceride_BF_trt
fat_percentage,0.05060811291082544,0.035802802288230996,-1.3977985301041171,0.09147172649013899,0.6085915980596399,10.194874842848513,24.299123294490617,-2.021603678786323,-0.7739933814219114,0.30244293096407293,"-1.4 	 (-2.02, -0.77)",-1.3977985301041171,-2.021603678786323,-0.7739933814219114,Triglyceride_BF_trt
female,2.710949896852177,9.818631988933733,31.767974895882787,12.800676875471128,0.23295993763045758,15.902350009281262,165.83646310322644,24.704059907528563,38.83188988423701,3.5778033589719724,"31.77 	 (24.7, 38.83)",31.767974895882787,24.704059907528563,38.83188988423701,Triglyceride_BF_trt
race_ethHispanic,13.850508833179365,18.31183323327333,2.7615334067143804,33.54739294977063,0.45415033410521605,11.29345904795873,43.63582922325815,-8.914250194659601,14.43731700808836,5.792011131702928,"2.76 	 (-8.91, 14.44)",2.7615334067143804,-8.914250194659601,14.43731700808836,Triglyceride_BF_trt
race_ethNH Black,13.182425590990754,15.562033372389589,13.914337633904536,30.06270152247942,0.48234747430289787,11.035406738581433,38.683208792887406,2.821127103958588,25.00754816385048,5.482946427102806,"13.91 	 (2.82, 25.01)",13.914337633904536,2.821127103958588,25.00754816385048,Triglyceride_BF_trt
race_ethNH White,11.600988474331334,19.1764049797274,10.811432974613624,31.937492301491872,0.3995644742955717,11.908141423843674,56.37269195110645,-0.5078831685674601,22.130749117794704,5.651326596604719,"10.81 	 (-0.51, 22.13)",10.811432974613624,-0.5078831685674601,22.130749117794704,Triglyceride_BF_trt
race_ethOther Race,36.44441208141911,85.14150468656666,8.555371699287178,125.23035797612769,0.3201208871191045,13.228830823527892,87.82425733233345,-13.68428819018203,30.795031588756387,11.190637067483141,"8.56 	 (-13.68, 30.8)",8.555371699287178,-13.68428819018203,30.795031588756387,Triglyceride_BF_trt
(Intercept),0.5247247762953361,3.1573040234107594,169.96674184946374,3.734501277335629,0.15455805502807857,21.53905006688875,376.7551708840081,166.16693274496882,173.76655095395867,1.9324857767485972,"169.97 	 (166.17, 173.77)",169.96674184946374,166.16693274496882,173.76655095395867,Total_cholesterol_BMI
age,3.7166959607758865e-5,4.7341161637332133e-4,0.3468064517583906,5.142952719418561e-4,0.07949451958632216,41.91066985471098,1424.1906533286513,0.302320427067904,0.39129247644887716,0.022678079106085155,"0.35 	 (0.3, 0.39)",0.3468064517583906,0.302320427067904,0.39129247644887716,Total_cholesterol_BMI
bmi,4.0771110329786587e-4,0.002556366668809375,0.09981555583477278,0.0030048488824370276,0.14925283472622397,22.1842137448982,404.01485409000077,-0.007945632072226025,0.20757674374177154,0.05481650191718756,"0.1 	 (-0.01, 0.21)",0.09981555583477278,-0.007945632072226025,0.20757674374177154,Total_cholesterol_BMI
female,0.023317053151403005,0.505799334671472,6.438012531587062,0.5314480931380153,0.04826201993706732,79.49626941338383,3863.95019612041,5.008741541509048,7.867283521665076,0.7290048649618296,"6.44 	 (5.01, 7.87)",6.438012531587062,5.008741541509048,7.867283521665076,Total_cholesterol_BMI
race_ethHispanic,0.07876341978007562,2.1264755114072442,-0.48559317696090093,2.2131152731653274,0.03914832761249075,107.39513906737515,5872.406102911126,-3.4019430862856823,2.4307567323638803,1.4876542854996007,"-0.49 	 (-3.4, 2.43)",-0.48559317696090093,-3.4019430862856823,2.4307567323638803,Total_cholesterol_BMI
race_ethNH Black,0.04406679461674866,1.7008171319370304,-6.429801735135915,1.749290606015454,0.027710360938161517,182.96012722177903,11720.823985715055,-9.022332526252375,-3.8372709440194557,1.3226075026308652,"-6.43 	 (-9.02, -3.84)",-6.429801735135915,-9.022332526252375,-3.8372709440194557,Total_cholesterol_BMI
race_ethNH White,0.11118228630826359,1.3728388502176747,-1.3415959348636934,1.4951393651567646,0.08179873916052421,40.54554263768407,1345.083639617508,-3.7403178115457734,1.057125941818386,1.2227589153863343,"-1.34 	 (-3.74, 1.06)",-1.3415959348636934,-3.7403178115457734,1.057125941818386,Total_cholesterol_BMI
race_ethOther Race,0.23291452740058793,5.212068117926367,-3.5871132017342062,5.468274098067013,0.04685317077123352,82.86427775973783,4099.817600752445,-8.171713319607878,0.9974869161394646,2.3384341124066363,"-3.59 	 (-8.17, 1)",-3.5871132017342062,-8.171713319607878,0.9974869161394646,Total_cholesterol_BMI
(Intercept),1.0972609649322342,3.2220347513761003,166.86627433448362,4.429021812801558,0.2725177505192695,14.446428207237911,121.18613050336774,162.69987835642925,171.032670312538,2.1045241297741297,"166.87 	 (162.7, 171.03)",166.86627433448362,162.69987835642925,171.032670312538,Total_cholesterol_BF
age,2.8558556445277432e-5,4.705478566953861e-4,0.3377128154507536,5.019622687851913e-4,0.06258321400497255,56.154305664486884,2297.8770289597333,0.2937776321462653,0.3816479987552419,0.022404514473319686,"0.34 	 (0.29, 0.38)",0.3377128154507536,0.2937776321462653,0.3816479987552419,Total_cholesterol_BF
fat_percentage,8.307075933436933e-4,0.001996195724995189,0.21389426639063158,0.0029099740776732516,0.31401597687382116,13.361696222593054,91.27230514573921,0.10674509512801772,0.32104343765324544,0.05394417556764819,"0.21 	 (0.11, 0.32)",0.21389426639063158,0.10674509512801772,0.32104343765324544,Total_cholesterol_BF
female,0.05601813939136182,0.6594402366972179,4.773602271593837,0.7210601900277158,0.08545743362718372,38.570554324954834,1232.3748214120676,3.1076575348593583,6.439547008328315,0.8491526305839933,"4.77 	 (3.11, 6.44)",4.773602271593837,3.1076575348593583,6.439547008328315,Total_cholesterol_BF
race_ethHispanic,0.060757060941652764,2.091071483686932,-0.4768008183660219,2.1579042507227504,0.030971145737088954,153.42377996165473,9382.702922818095,-3.356321509630623,2.4027198728985786,1.4689806842578803,"-0.48 	 (-3.36, 2.4)",-0.4768008183660219,-3.356321509630623,2.4027198728985786,Total_cholesterol_BF
race_ethNH Black,0.046338799905085375,1.6063639224626227,-6.017195836598702,1.6573366023582166,0.030755779980400556,155.10869384305283,9514.566779616456,-8.540727176968334,-3.493664496229071,1.2873758590086333,"-6.02 	 (-8.54, -3.49)",-6.017195836598702,-8.540727176968334,-3.493664496229071,Total_cholesterol_BF
race_ethNH White,0.10958173146282517,1.376846969215352,-1.2521452891298444,1.4973868738244598,0.08050017448145383,41.302472851673954,1388.8292867775583,-3.652601283894586,1.1483107056348973,1.2236776020768132,"-1.25 	 (-3.65, 1.15)",-1.2521452891298444,-3.652601283894586,1.1483107056348973,Total_cholesterol_BF
race_ethOther Race,0.18386598592700712,5.2671898980769285,-3.492930197307659,5.469442482596636,0.0369786473051432,116.91642754275804,6581.736155308129,-8.077509543751196,1.0916491491358769,2.3386839210540264,"-3.49 	 (-8.08, 1.09)",-3.492930197307659,-8.077509543751196,1.0916491491358769,Total_cholesterol_BF
(Intercept),2.6794507330029176,2.947111390419596,174.40483626587206,5.894507196722806,0.5000241255014305,10.889808936085794,35.99652617921904,169.48089020501786,179.32878232672627,2.427860621354283,"174.4 	 (169.48, 179.33)",174.40483626587206,169.48089020501786,179.32878232672627,Total_cholesterol_BMI_trt
age,2.6775596312266186e-4,4.7561697965451825e-4,0.5662633849035873,7.701485390894463e-4,0.38243474406009453,12.141374764912307,61.535796685319006,0.5107805008664893,0.6217462689406853,0.027751550210563847,"0.57 	 (0.51, 0.62)",0.5662633849035873,0.5107805008664893,0.6217462689406853,Total_cholesterol_BMI_trt
bmi,6.239437723079776e-4,0.0022241113521530393,0.1743639143135865,0.0029104495016918147,0.23581860779230632,15.778088750883743,161.84018539668105,0.06783000609782153,0.28089782252935147,0.053948582017434105,"0.17 	 (0.07, 0.28)",0.1743639143135865,0.06783000609782153,0.28089782252935147,Total_cholesterol_BMI_trt
chol_med_taking1,0.9369658856774549,0.7288522986167225,-27.869040504448634,1.759514772861923,0.5857651723882862,10.31791164709906,26.22982641884229,-30.594470253669197,-25.14361075522807,1.326467026677227,"-27.87 	 (-30.59, -25.14)",-27.869040504448634,-30.594470253669197,-25.14361075522807,Total_cholesterol_BMI_trt
chol_med_told1,0.415220465109612,1.0830442743383193,-4.01849357539046,1.5397867859588925,0.2966271147314333,13.774273156846679,102.28708792202653,-6.479693145310839,-1.557294005470081,1.240881455240142,"-4.02 	 (-6.48, -1.56)",-4.01849357539046,-6.479693145310839,-1.557294005470081,Total_cholesterol_BMI_trt
female,0.0846842206248334,0.4717420943065257,7.395909167103773,0.5648947369938424,0.16490265634804835,20.423666737544625,330.9689150544565,5.917403844524506,8.87441448968304,0.751594795746912,"7.4 	 (5.92, 8.87)",7.395909167103773,5.917403844524506,8.87441448968304,Total_cholesterol_BMI_trt
race_ethHispanic,0.22131959766259027,1.6553346929470243,-0.7792891848689523,1.8987862503758737,0.12821430394319366,25.399911995100446,547.4816298463093,-3.4860338402405278,1.927455470502623,1.3779645316102564,"-0.78 	 (-3.49, 1.93)",-0.7792891848689523,-3.4860338402405278,1.927455470502623,Total_cholesterol_BMI_trt
race_ethNH Black,0.27342633980425224,1.366901962797176,-6.354373410484045,1.6676709365818534,0.18035271058998575,19.039322521969403,276.692356217272,-8.896557922498161,-3.8121888984699286,1.2913833422271845,"-6.35 	 (-8.9, -3.81)",-6.354373410484045,-8.896557922498161,-3.8121888984699286,Total_cholesterol_BMI_trt
race_ethNH White,0.1494976887223914,1.1522628265977062,-0.5499722155754146,1.3167102841923368,0.1248926658877748,26.03104263188404,576.9904667260172,-2.8037191897364466,1.7037747585856167,1.1474799711508419,"-0.55 	 (-2.8, 1.7)",-0.5499722155754146,-2.8037191897364466,1.7037747585856167,Total_cholesterol_BMI_trt
race_ethOther Race,0.4822389795756703,4.5906447712327365,-2.76545296284782,5.121107648765974,0.10358362173094765,31.31757489011974,838.8036776576515,-7.20723406815535,1.6763281424597096,2.262986444671283,"-2.77 	 (-7.21, 1.68)",-2.76545296284782,-7.20723406815535,1.6763281424597096,Total_cholesterol_BMI_trt
(Intercept),3.4604849601480385,3.015610035971777,171.091470836115,6.82214349213462,0.557967369134271,10.482480158602312,28.908456664582836,165.74875292965748,176.43418874257253,2.611923331978682,"171.09 	 (165.75, 176.43)",171.091470836115,165.74875292965748,176.43418874257253,Total_cholesterol_BF_trt
age,2.6843330784516006e-4,4.696661278739572e-4,0.5556633587066996,7.649427665036333e-4,0.3860114136111301,12.090774439068209,60.40073413160247,0.5003474726517623,0.6109792447616368,0.027657598711812153,"0.56 	 (0.5, 0.61)",0.5556633587066996,0.5003474726517623,0.6109792447616368,Total_cholesterol_BF_trt
chol_med_taking1,0.9447968087440171,0.7270158557107148,-27.97734898475106,1.7662923453291337,0.5883943801074212,10.303214763536566,25.995937094725996,-30.70920809583124,-25.245489873670884,1.3290193171391955,"-27.98 	 (-30.71, -25.25)",-27.97734898475106,-30.70920809583124,-25.245489873670884,Total_cholesterol_BF_trt
chol_med_told1,0.4400781838239436,1.078428256813238,-4.01939134477784,1.562514259019576,0.30981221413626353,13.45663406451646,93.76601051893401,-6.501387718767473,-1.5373949707882066,1.250005703594818,"-4.02 	 (-6.5, -1.54)",-4.01939134477784,-6.501387718767473,-1.5373949707882066,Total_cholesterol_BF_trt
fat_percentage,0.0017223750184662912,0.001784592675992053,0.2923046084472471,0.0036792051963049736,0.5149515776439108,10.775325208027398,33.93983474629859,0.16902781701919561,0.4155813998752986,0.06065645222319695,"0.29 	 (0.17, 0.42)",0.2923046084472471,0.16902781701919561,0.4155813998752986,Total_cholesterol_BF_trt
female,0.21537596478041893,0.5953483929882482,5.142954272221766,0.832261954246709,0.28466225092902914,14.091618931178823,111.06641427833225,3.3352146911121494,6.950693853331382,0.91228392194903285,"5.14 	 (3.34, 6.95)",5.142954272221766,3.3352146911121494,6.950693853331382,Total_cholesterol_BF_trt
race_ethHispanic,0.17954400370438278,1.6136993064801597,-0.5847109184651903,1.8111977105549808,0.10904298460840275,29.7156754982321,756.9148910870468,-3.226669640135143,2.057247803204762,1.3458074567169631,"-0.58 	 (-3.23, 2.06)",-0.5847109184651903,-3.226669640135143,2.057247803204762,Total_cholesterol_BF_trt
race_ethNH Black,0.2162786454934157,1.290070701139125,-5.580049463703096,1.5279772111818823,0.15570029991398748,21.407079863491962,371.24756276945556,-8.010712041692003,-3.149386885714191,1.2361137533341673,"-5.58 	 (-8.01, -3.15)",-5.580049463703096,-8.010712041692003,-3.149386885714191,Total_cholesterol_BF_trt
race_ethNH White,0.14460543351875582,1.1624500056527416,-0.2828523392706023,1.321515982523373,0.12036629066483355,26.960936413862985,621.2018713134154,-2.54037068045301,1.9746660019118054,1.1495720867015575,"-0.28 	 (-2.54, 1.97)",-0.2828523392706023,-2.54037068045301,1.9746660019118054,Total_cholesterol_BF_trt
race_ethOther Race,0.41180816616149357,4.648826572851083,-2.447643540179604,5.1018155556287255,0.08878976078973881,36.951420057699046,1141.6073008771987,-6.879351719710401,1.984064639351193,2.258719893131666,"-2.45 	 (-6.88, 1.98)",-2.447643540179604,-6.879351719710401,1.984064639351193,Total_cholesterol_BF_trt
